presentations,,,,,,,,,,,,,,,,,,,,,,,,,,,,
アクション名,アクションタイプ,類似業績マージ優先度,ID,タイトル(日本語),タイトル(英語),講演者(日本語),講演者(英語),会議名(日本語),会議名(英語),発表年月日,開催年月日(From),開催年月日(To),招待の有無,記述言語,会議種別,主催者(日本語),主催者(英語),開催地(日本語),開催地(英語),国・地域,概要(日本語),概要(英語),国際・国内会議,国際共著,URL,URL2,主要な業績かどうか,公開の有無
insert,similar_merge,input_data,,異常検知による分子シミュレーションデータからの重要因子の同定手法,Application of anomaly detection to identify the important features of protein dynamics,"山守 優,富井 健太郎","Yamamori Y., Tomii K.",第 24 回日本蛋白質科学会年会,,2024/6/13,20240611,20240613,FALSE,eng,poster_presentation,,,札幌コンベンションセンター,,jpn,,"""Recent advances in experimental and machine-leaning based prediction techniques have enabled us to start molecular dynamics (MD) simulations for a large variety of biomolecules and have fueled the growing interest on MD simulation studies. Hence, the development of methods to enhance the applicability of MD simulations, such as efficient sampling or detecting collective variables, is increasingly important. Identifying a small number of elements or features that can describe biological phenomena from MD trajectories serves as a basis for these methods. In this study, we apply anomaly detection to MD trajectories to identify important features related to state transitions. Among anomaly detection methods, we employ the method based on sparse structure learning of correlation of elements and identifying the elements with anomalies by comparing multiple time series. This approach was tested on the open and closed states simulations of T4 lysozyme and the apo and holo states simulations of PDZ3 domain. We show valuable information can be obtained from using this approach, especially when combined with dimension reduction techniques, offering insights into cooperative motion.""",FALSE,FALSE,,,FALSE,disclosed
insert,similar_merge,input_data,,モデリング・シミュレーションを用いたミトコンドリアトランスローケータの構造・機能解析,モデリング・シミュレーションを用いたミトコンドリアトランスローケータの構造・機能解析,山守 優,"Yamamori, Y.",AMED BINDS第二回インシリコユニット進捗会議,,2023/10/2,2023/10/2,2023/10/2,FALSE,jpn,oral_presentation,,,産業技術総合研究所臨海センター,,jpn,,,FALSE,,,,FALSE,disclosed
insert,similar_merge,input_data,,粗視化MDを用いた Porin 多量体を介した脂質スクランブリングの研究,粗視化MDを用いた Porin 多量体を介した脂質スクランブリングの研究,山守 優,"Yamamori, Y.",2023年度オルガ ネラ研究会リトリートAMED CREST遠藤グループ研究発表会,,2023/9/4,20230904,20230905,FALSE,jpn,oral_presentation,,,"天童ホテル, 山形県天童市 ",,jpn,,,FALSE,,,,FALSE,disclosed
insert,similar_merge,input_data,,分子動力学シミュレーションのスパースな表現に基づく重要因子の同定手法,分子動力学シミュレーションのスパースな表現に基づく重要因子の同定手法,山守 優,"Yamamori, Y.",次世代若手研究者による応用計算・理論化学研究会,,2023/7/25,2023/7/25,2023/7/26,TRUE,jpn,invited_oral_presentation,,,筑波大学(茨城県つくば市),,jpn,,,FALSE,,,,FALSE,disclosed
insert,similar_merge,input_data,,Structural modeling of the entire EhV-ATPase in multiple states using cryo-EM data and homology modeling,Structural modeling of the entire EhV-ATPase in multiple states using cryo-EM data and homology modeling,"山守 優,角田 潤,Ray Burton-Smith,ソン チホン,飯野 亮太,村田 和義,富井 健太郎","Yamamori Y., Tsunoda J., Burton-Smith R, Song C., Iino R., Murata K., Tomii K.",AHeDD2019/IPAB2019 合同シンポジウム,AHeDD2019/IPAB2019 ,2019/11/29,2019/11/29,2019/11/29,TRUE,eng,invited_oral_presentation,,,川崎生命科学・環境研究センター,,jpn,,"""While many studies have focused on F-ATPase, the overall structure of V-ATPase in Enterococcus hirae (EhV-ATPase) in addition to the mechanism of an ATP-driven ion-pump remain unclear. Most recently, single-molecule analysis proposed that the chemo-mechanical scheme of the catalytic domain of EhV-ATPase is involved in the different sub-states from F1-ATPase [1]. The first entire structure was also obtained at 17Å resolution using single-particle cryo-electron microscopy (cryo-EM) with Zernike phase plate [2]. In this study, we tried to obtain 3D models of the entire EhV-ATPase, which include the multiple states, with all non-hydrogen atoms, based on the density maps from the low resolution cryo-EM map. Our modeling protocols of EhV-ATPase, which is based on our own structure-prediction scheme [3], were as follows: 1) Homology models were built based on results of profile-profile alignment. 2) Model selection was initially performed with the correlations between individual models and the density maps, and finally the models were evaluated structurally using empirical scoring functions such as verify-3D. 3) Molecular dynamics simulations were performed with restraints between the selected models and the density map. The constructed models are expected to be valuable to understand the ion-pumping mechanism of EhV-ATPase. """,TRUE,,,,FALSE,disclosed
insert,similar_merge,input_data,,ヒトに感染するコロナウイルス蛋白質の配列・構造情報に基づく比較解析,ヒトに感染するコロナウイルス蛋白質の配列・構造情報に基づく比較解析,"山守 優, 楊 銘, 富井 健太郎	","山守 優, 楊 銘, 富井 健太郎	",第23回日本蛋白質科学会年会,,2023/7/5,2023/7/4,2023/7/7,FALSE,jpn,poster_presentation,,,名古屋国際会議場 ,,jpn,"""ヒトに感染するコロナウイルスは現在までに7種類発見されており、そのうちSARS, MERS, SARS-CoV-2の3種類が特に重症度の疾患を引き起こす。SARS-CoV-2による感染爆発が動機となって、SARS-CoV-2をはじめ、コロナウイルスを構成する蛋白質の立体構造解析が積極的に推し進められている。また、機械学習を用いた高精度の構造予測法の著しい発展によって、容易にコロナウイルス蛋白質の構造モデルを得ることができるようになった。本研究では、このような背景を踏まえ、コロナウイルスに共通する蛋白質について、実験及び予測によって得られた構造に基づく信頼性の高い系統解析を網羅的に行なうことで、重症の疾患を引き起こすウイルス間で共通した特徴をもつ蛋白質を同定し、病原性の要因を探ることを目指した。まず、構造未決定の蛋白質について高精度の予測手法であるAlphaFoldを用いて構造モデルを計算し、露出表面積を用いた指標を基に天然変性領域の推定を行なった。そして、実験によって決定された構造と推定された天然変性領域に属さずかつ予測信頼性スコアの高い領域の構造を利用し、7種のコロナウイルスが共通してもつ20種の蛋白質各々について、配列・構造情報に基づき系統解析を行なった。その結果、3パターンの異なる系統関係が確認され、その結果に基づく蛋白質の分類が可能となった。当日は、コロナウイルス蛋白質の系統関係のパターンと病原性の関係、及び、天然変性領域と推定された領域の比較解析の結果について議論する。""",,FALSE,FALSE,,,FALSE,disclosed
insert,similar_merge,input_data,,A Holistic Approach to Integrate Template-based and Template-free Modeling,A Holistic Approach to Integrate Template-based and Template-free Modeling,"Yamamori Y., Takemoto M., Ishitani, R., Mizuno K., Tuchiya, Y., Ono, K., Tomii, K.","Yamamori Y., Takemoto M., Ishitani, R., Mizuno K., Tuchiya, Y., Ono, K., Tomii, K.",14th Community Wide Experiment on the Critical Assessment of Techniques for Protein Structure Prediction(CASP) meeting,14th Community Wide Experiment on the Critical Assessment of Techniques for Protein Structure Prediction(CASP) meeting,2020/12/4,2020/12/1,2020/12/4,FALSE,eng,poster_presentation,,,online,online,null,,"“In CASP14, we made predictions by integrating both template-based and template-free approaches to cope with large proteins and protein complexes. We have developed modeling pipelines based on profile–profile alignments for template-based modeling and contact predictions using deep neural networks (DNNs) for free modeling. Accumulated protein sequence and structure data were analyzed using methods we have developed. Methods Template-based modeling and free modeling were performed for all regular targets. For templatebased modeling, we generated 3D-models based on target-template alignments derived from our profile–profile aligner FORTE1–3 , using MODELLER4 . Profiles of both targets and templates were prepared based on multiple sequence alignments (MSAs), which were obtained using three methods: i) a combination of SSEARCH with the MIQS5 matrix and PSI-BLASTexB6 , followed by MAFFT7 , ii) DELTA-BLAST8 , and iii) HHblits9 . In some cases, we used multiple templates that were selected manually to generate 3D-models. For free modeling, we generated 3Dmodels based on predicted contacts of residue pairs using CONFOLD210. Predicted contacts were obtained using three methods: i) DeepECA11, an end-to-end learning framework of protein contact prediction that can effectively use information derived from either deep or shallow MSAs; ii) distance distribution prediction similar to AlphaFold12; and iii) consensus prediction of contacts derived from selected CASP-hosted predictions. We converted distance prediction results, derived from method ii), into contacts when we used them. When no suitable template was found for multimetric targets, we performed rigidbody docking of subunits. To evaluate and rank the generated 3D-models described above, we mainly used three guidelines: i) the coverage of predicted contacts, derived from DeepECA, satisfied in a model; ii) similarity to a consensus model, selected based on the average TM-score13 with other models, among models provided by CASP-hosted servers; and iii) Z-scores calculated using FORTE. For easy targets, we weighed classical 3D-scores such as Verify3D14 and dDFIRE15. For multimetric targets, we also considered the stoichiometry of templates. Occasionally, we performed cluster analysis to evaluate and rank our generated 3D-models. Because these guidelines and scores used for ranking are not always consistent, final ranking was sometimes done with human intervention. For the data-assisted target S1063, we used two metrics to select 3D-models to compare the calculated SAXS profile of a model and the experimental SAXS profile: Chi2 and the volatility of the ratio16. For refinement targets, we identified region(s) for emphasis on improvement in a starting model(s) using Verify3D. Subsequently, we sampled conformations for those regions from the generated 3D-models and models provided by CASP-hosted servers. Then we refined 3D models by simulated annealing using MODELLER. Results We submitted our prediction models for all CASP14 targets. Most of them, approximately 60%, are models obtained using template-based approaches. The remaining models were derived from template-free approaches or combinations of the two approaches (partially modeled by free modeling). Roughly speaking, these approaches functioned complementarily. For data-assisted target S1063, we assume that we were able to improve our model based on the multimer shape derived from the experimental SAXS data provided in terms of the results from Chi2 and the volatility of the ratio. Availability The codes of DeepECA and PSI-BLASTexB are available respectively at GitHub, https://github.com/tomiilab/DeepECA and https://github.com/kyungtaekLIM/PSI-BLASTexB. FORTE, MAFFT, and SSEARCH with MIQS are available at http://forteprtl.cbrc.jp/forte/ (under refit), https://mafft.cbrc.jp/alignment/server/ and http://csas.cbrc.jp/Ssearch/. 1. Tomii, K. & Akiyama, Y. (2004). FORTE: a profile-profile comparison tool for protein fold recognition. Bioinformatics. 20, 594–595. 2. Tomii, K., Motono, C. & Hirokawa, T. (2005) Protein structure prediction using a variety of profile libraries and 3D verification. Proteins. 61, 114–121. 3. Nakamura, T., Oda, T., Fukasawa, Y. & Tomii, K. (2018). Template-based quaternary structure prediction of proteins using enhanced profile–profile alignments. Proteins. 86, 274–282. 4. Webb, B. & Sali, A. (2016). Comparative Protein Structure Modeling Using MODELLER. Curr Protoc Bioinformatics. 54, 5.6.1 – 5.6.37. 5. Yamada, K. & Tomii, K. (2014). Revisiting amino acid substitution matrices for identifying distantly related proteins. Bioinformatics. 30, 317–325. 6. Oda, T., Lim, K. & Tomii, K. (2017). Simple adjustment of the sequence weight algorithm remarkably enhances PSI–BLAST performance. BMC Bioinformatics. 18, 288. 7. Nakamura, T., Yamada, K.D., Tomii, K. & Katoh, H. (2018). Parallelization of MAFFT for large-scale multiple sequence alignments. Bioinformatics. 34, 2490–2492. 8. Boratyn, G.M., Schaffer, A.A., Agarwala, R., Altschul, S.F., Lipman, D.J. & Madden, T.L. (2012). Domain enhanced lookup time accelerated BLAST. Biol Direct. 7, 12. 9. Remmert, M., Biegert, A., Hauser, A. & Soding, J. (2011) HHblits: lightning‐fast iterative protein sequence searching by HMM–HMM alignment. Nat Methods. 9, 173–175. 10. Adhikari, B. & Cheng, J. (2018). CONFOLD2: improved contact-driven ab initio protein structure modeling. BMC Bioinformatics. 19, 22. 11. Fukuda, H. & Tomii, K. (2014). DeepECA: an end-to-end learning framework for protein contact prediction from a multiple sequence alignment. BMC Bioinformatics. 21, 10. 12. Senior, A.W., Evans, R., Jumper, J., Kirkpatrick, J., Sifre, L., Green, T., Qin, C., Žídek, A., Nelson, A.W.R., Bridgland, A., Penedones, H., Petersen, S., Simonyan, K., Crossan, S., Kohli, P., Jones, D.T., Silver, D., Kavukcuoglu, K. & Hassabis, D. (2020). Improved protein structure prediction using potentials from deep learning. Nature. 577, 706–710. 13. Zhang, Y & Skolnick, J. (2005). TM-align: a protein structure alignment algorithm based on the TM-score. Nucl Acid Res. 33, 2302–2309. 14. Luthy, R., Bowie, J.U. & Eisenberg, D. (1992). Assessment of protein models with threedimensional profiles. Nature. 356, 83–85. 15. Yang, Y. & Zhou, Y. (2008). Ab initio folding of terminal segments with secondary structures reveals the fine difference between two closely related all-atom statistical energy functions. Protein Sci. 17, 1212–1219. 16. Hura, G.L., Budworth, H., Dyer, K.N., Rambo, R.P., Hammel, M., McMurray, C.T. & Tainer, J.A. (2013). Accurate SAXS profile computation and its assessment by contrast variation experiments. Biophys J. 105, 962–974.”",TRUE,,https://predictioncenter.org/casp14/,,FALSE,disclosed
insert,similar_merge,input_data,,A novel multiple alignment method based on the distribution of possible alignments: cs-FORTE,A novel multiple alignment method based on the distribution of possible alignments: cs-FORTE,"Yamamori Y., Oda T., Yamada K., Tomii K.,","Yamamori Y., Oda T., Yamada K., Tomii K.,",The 67th NIBB conference the 7th consortium meeting quest for orthologs,The 67th NIBB conference the 7th consortium meeting quest for orthologs,2019/8/2,2019/7/31,2019/8/2,FALSE,eng,poster_presentation,,,岡崎カンファレンスセンター,"Okazaki conference Center, Okazaki, Japan",jpn,,"""Obtaining an accurate multiple sequence alignment (MSA) of homologous proteins is essential for construction of a homology model, identification of evolutionally or functionally key residues and other applications. We propose a novel MSA construction method cs-FORTE: in this method, we first perform parallel constructions of possible MSA by employing each sequence as a center sequence of MSA. They are constructed based on an accurate pairwise alignment calculated by FORTE[1]. Next, the MSA closest to the center of the distribution of the constructed MSAs is selected based on the metric to consider the similarities between MSAs. Four kinds of metrics were tested. In addition, MSA selection based on the number of gaps of an alignment was compared.The comparison of accuracy between our method and existing established methods, such as MAFFT[2] was done on the OXBench [3]. The results are shown in the table. In the case of small number of target sequences for MSA, cs-FORTE is superior to other methods (subset “full” and “master”). In the other case that the number of sequences for alignment is not so small (more than 10), cs-FORTE is comparable or a little inferior to the existing method, even though more accurate MSA can be generated.""",TRUE,,,,FALSE,disclosed
insert,similar_merge,input_data,,What went wrong and right in trying to improve models for CASP-SAXS targets?,What went wrong and right in trying to improve models for CASP-SAXS targets?,"Yamamori, Y., Nakamura, T., Fukuda, H., Tsuchiya, Y., Tomii, K.","Yamamori, Y., Nakamura, T., Fukuda, H., Tsuchiya, Y., Tomii, K.",Simulation of Small Angle Scattering for soft matter and life science,Simulation of Small Angle Scattering for soft matter and life science,2019/4/8,2019/4/8,2019/4/11,FALSE,eng,oral_presentation,,,"Institute Laue-Langevin, Grenoble","Institute Laue-Langevin, Grenoble",fra,,"""Small-angle X-ray scattering (SAXS) provides information about the native states of proteins in solution. Such information is regarded as invaluable to elucidate protein function(s). Using SAXS data, we strove to improve prediction models of target proteins in the “data-assisted” category of the 13th Community-Wide Experiment on the Critical Assessment of Techniques for Protein Structure Prediction (CASP13).
For this category, we combined our prediction protocol based on template-based modeling and the selection procedure of protein models using SAXS data. Our prediction protocol to construct models for a target protein comprises the following steps: 1) prediction of intrinsically disordered region (IDR) of the target protein, 2) profile construction for the target sequence except IDR, 3) profile–profile alignment and scoring against profile libraries of template sequences performed by FORTE series, that are our own profile–profile comparison methods, and 4) model construction based on the alignments using MODELLER. Subsequently, we selected models with better values in terms of two metrics, i.e., volatility of ratio and χ2. For this selection procedure, we measured these two values using FoXS between the calculated SAXS scattering profile from a model and the experimental SAXS scattering profile. Results show that, by considering SAXS data and also occasionally considering models from server predictions, we improved prediction models of protein complexes for some CASP-SAXS targets. However, contrary to our expectations, we worsened models of monomers. In some cases, the SAXS scattering profiles calculated from crystal structures differ from experimentally obtained profiles in terms of the two metrics. We will present examples of these problems and discuss issues that should be addressed to avoid them.""",TRUE,,,,FALSE,disclosed
insert,similar_merge,input_data,,MuSTAR MD: Multi-scale sampling using temperature accelerated and replica exchange molecular dynamics,MuSTAR MD: Multi-scale sampling using temperature accelerated and replica exchange molecular dynamics,"Yamamori Y., Kitao A.,","Yamamori Y., Kitao A.,",The 58th Annual Meeting of the Biophysical Society,The 58th Annual Meeting of the Biophysical Society,2014/2/19,2014/2/15,2014/2/19,FALSE,eng,poster_presentation,,,"San Francisco, California.","San Francisco, California.",usa,,"""We developed a new multi-scale enhanced sampling method, Multi-scale Sampling using Temperature Accelerated and Replica-Exchange Molecular Dynamics (MuSTAR MD) which is an extension of Temperature Accelerated Molecular Dynamics (TAMD) and can also be considered as a variation of Replica-Exchange Molecular Dynamics (REMD). In this method, each replica contains an all-atom fine-grained model, at least one coarse-grained model, and a model defined by the Collective Variables (CVs) that interacts with the other models through coupling energy terms. The coarse-grained model is introduced to drive efficient sampling of large conformational space and the fine-grained model can serve to conduct more accurate conformational sampling. The CV model serves not only to mediate the coarse- and fine-grained models, but also to enhance sampling efficiency by temperature acceleration. The equations of motion of MuSTAR MD consist of those of Cartesian space and CV space and they are connected via coupling energy terms. The set of coupling strengths between the FG or CG model and the CV system are exchanged between neighbouring replicas in some interval obeying the Metropolis method. MuSTAR MD was applied to two test cases, Ala-dipeptide and Met-enkephalin in vacuum. As CVs, main chain dihedral angles were selected. As fine-grained model, AMBER force field was adopted. As coarse-grained model, a simplified force field based on AMBER force field was adopted for Ala-dipeptide and Gō-like model for Met-enkephalin, respectively. Free energy landscapes (FELs) were calculated from the results of MuSTAR MD, and they were compared to those of REUS, REMD, TAMD, and umbrella sampling. The sampled conformational space is broader in the order of MuSTAR MD > TAMD > REMD > REUS. Comparison of the result of MuSTAR MD with that of the umbrella sampling shows the accuracy of FEL calculation in MuSTAR MD.""",TRUE,,,,FALSE,disclosed
insert,similar_merge,input_data,,Multi-scale sampling using temperature accelerated and replica exchange molecular dynamics,Multi-scale sampling using temperature accelerated and replica exchange molecular dynamics,"Yamamori Y., Kitao A.,","Yamamori Y., Kitao A.,",The 3rd International Conference on Molecular Simulation,The 3rd International Conference on Molecular Simulation,2013/11/23,2013/11/18,2013/11/23,FALSE,eng,poster_presentation,,,神戸,"Kobe, Japan.",jpn,,,TRUE,,,,FALSE,disclosed
insert,similar_merge,input_data,,Template-based Protein Structure Prediction based on Profile-Profile Alignments,Template-based Protein Structure Prediction based on Profile-Profile Alignments,"Nakamura T., Fukuda H., Yamamori Y., Tsuchiya Y., Tomii K.","Nakamura T., Fukuda H., Yamamori Y., Tsuchiya Y., Tomii K.",13th Critical Assessment of Techniques for Protein Structure Prediction(CASP) meeting,13th Critical Assessment of Techniques for Protein Structure Prediction(CASP) meeting,2018/12/4,2018/12/1,2018/12/4,FALSE,eng,poster_presentation,,,"Riviera Maya, Mexico","Riviera Maya, Mexico",mex,,,TRUE,,,,FALSE,disclosed
insert,similar_merge,input_data,,多重配列アライメントとスクリーニング法による新規モータータンパク質の創生,多重配列アライメントとスクリーニング法による新規モータータンパク質の創生,"大友　章裕,山守　優,Song  Chihong, Raymond  N.  Burton-Smith, 富井　健太, 村田　和義, 小嶋　誠司, 飯野　亮太",,令和4年度⽣物物理学会中部⽀部講演会,,2023/3/31,,,,,,,,名古屋大学,,jpn,,,FALSE,,,,FALSE,disclosed
insert,similar_merge,input_data,,"Databases of similar epitopes, PoSSuMAg and putative ligand-binding pockets on AlphaFold models, PoSSuM AF","Databases of similar epitopes, PoSSuMAg and putative ligand-binding pockets on AlphaFold models, PoSSuM AF",土屋 裕子、米澤　朋起、大澤　匡範、池田　和由、山守 優、富井 健太郎,,CBI学会2022年大会,,2022/10/25,,,,,,,,東京都江戸川区,,jpn,,,FALSE,,,,FALSE,disclosed
insert,similar_merge,input_data,,変性剤存在下で現れる顆粒球コロニー刺激因子の局所的な不規則構造の探索,変性剤存在下で現れる顆粒球コロニー刺激因子の局所的な不規則構造の探索,渋谷 理紗、山守 優、富井 健太郎、本田 真也,,"第22回日本蛋白質科学会年会,",,2022/6/8,,,,,,,,"筑波大学, 茨城県つくば市.",,jpn,,,FALSE,,,,FALSE,disclosed
insert,similar_merge,input_data,,光操作による細胞死誘導システムの構築,光操作による細胞死誘導システムの構築,高木 菜那、中曽根 祐介、山守 優、富井 健太郎、酒巻 和弘,,第42回日本分子生物学会年会,,2019/12/4,,,,,,,,マリンメッセ福岡.,,jpn,,,FALSE,,,,FALSE,disclosed
insert,similar_merge,input_data,,Full atomic model building of Eh V-ATPase using homology modeling/molecular dynamics simulation based on the low resolution cryoEM map,Full atomic model building of Eh V-ATPase using homology modeling/molecular dynamics simulation based on the low resolution cryoEM map,,"Yamamori Y., Tsunoda J., Burton-Smith R, Song C., Iino R., Murata K., Tomii K.",第 57 回生物物理学会,,2019/9/26,2019/9/24,2019/9/26,FALSE,eng,poster_presentation,,,"シーガイアコンベンションセンター, 宮崎県宮崎市",,jpn,,,FALSE,,,,FALSE,disclosed
insert,similar_merge,input_data,,Eh V-ATPase の全複合体構造解析に向けた電子顕微鏡密度マップからの原子モデル構築,Eh V-ATPase の全複合体構造解析に向けた電子顕微鏡密度マップからの原子モデル構築,"山守 優, 角田 潤, ソン・チホン, 富井 健太郎, 村田 和義, 飯野亮太",,第 19 回日本蛋白質科学会年会,,2019/6/26,2019/6/24,2019/6/26,FALSE,jpn,poster_presentation,,,"神戸国際会議場,兵庫県神戸市",,jpn,,,FALSE,,,,FALSE,disclosed
insert,similar_merge,input_data,,高精度ペアワイズアラインメントと中間アラインメント評価に基づく新規多重アラインメント手法 cs-FORTE の開発,高精度ペアワイズアラインメントと中間アラインメント評価に基づく新規多重アラインメント手法 cs-FORTE の開発,"山守 優, 小田 俊之, 山田 和範, 富井 健太郎,",,第46回生体分子科学討論会,,2019/6/23,2019/6/22,2019/6/23,FALSE,jpn,poster_presentation,,,"筑波大学, 茨城県つくば市",,jpn,,,FALSE,,,,FALSE,disclosed
insert,similar_merge,input_data,,蛋白質構造に関する共溶媒効果のエネルギー相関解析,蛋白質構造に関する共溶媒効果のエネルギー相関解析,"山守 優, 松林 伸幸",,第５回 「京」を中核とするHPCIシステム利用研究課題成果報告会,,2018/11/2,2018/11/2,2018/11/2,FALSE,jpn,poster_presentation,,,品川 Grand Hall,,jpn,,,FALSE,,,,FALSE,disclosed
insert,similar_merge,input_data,,Investigation of the common sequence-structural patterns in different folds through cross-profile analysis and molecular dynamics simulation,Investigation of the common sequence-structural patterns in different folds through cross-profile analysis and molecular dynamics simulation,,"Yamamori Y., Tomii K.",CBI 学会年会,,2018/10/11,2018/10/9,2018/10/11,FALSE,jpn,poster_presentation,,," タワーホール船堀, 東京都江戸川区",,jpn,,,FALSE,,,,FALSE,disclosed
insert,similar_merge,input_data,,Investigation of the common sequence-structural patterns in different protein folds using cross-profile analysis and simulation,Investigation of the common sequence-structural patterns in different protein folds using cross-profile analysis and simulation,,"Yamamori Y., Tomii K.",第 56 回生物物理学会,,2018/9/17,2018/9/15,2018/9/17,FALSE,eng,poster_presentation,,,"岡山大学（津島キャンパス）, 岡山県岡山市",,jpn,,,FALSE,,,,FALSE,disclosed
insert,similar_merge,input_data,,分子動力学シミュレーションを用いた CENP-T 天然変性領域の翻訳後修飾が結合機構へ及ぼす影響の研究,分子動力学シミュレーションを用いた CENP-T 天然変性領域の翻訳後修飾が結合機構へ及ぼす影響の研究,"山守 優, 西野　達哉, 富井 健太郎",,第18回日本蛋白質科学会年会,,2018/6/29,2018/6/27,2018/6/29,FALSE,jpn,poster_presentation,,,"朱鷺メッセ,新潟県新潟市",,jpn,,,FALSE,,,,FALSE,disclosed
insert,similar_merge,input_data,,タンパク質-リガンド複合体への共溶媒効果の系統的解析,タンパク質-リガンド複合体への共溶媒効果の系統的解析,山守 優 ,,東大情報基盤センター「若手女性利用研究推薦者」成果報告会,,2018/6/24,2018/6/24,2018/6/24,FALSE,jpn,oral_presentation,,,"東京大学, 東京都文京区",,jpn,,,FALSE,,,,FALSE,disclosed
insert,similar_merge,input_data,,共溶媒によるタンパク質安定性の自由エネルギー解析,共溶媒によるタンパク質安定性の自由エネルギー解析,"山守 優, 松林 伸幸","Yamamori, Y., Matubayasi, N.",第 31 回分子シミュレーション討論会,,2017/12/1,2017/11/29,2017/12/1,FALSE,jpn,poster_presentation,,,"金沢商工会議所, 石川県金沢市",,jpn,,,FALSE,,,,FALSE,disclosed
insert,similar_merge,input_data,,尿素およびその誘導体によるタンパク質変性の自由エネルギー解析,尿素およびその誘導体によるタンパク質変性の自由エネルギー解析,"山守 優, 松林 伸幸","Yamamori, Y., Matubayasi, N.",第40回溶液化学シンポジウム,,2017/10/20,2017/10/18,2017/10/20,FALSE,jpn,,,,"イーグル姫路, 兵庫県姫路市",,jpn,,,FALSE,,,,FALSE,disclosed
insert,similar_merge,input_data,,Free-energy analysis of the urea and alkylurea effect on the stricture of protein,Free-energy analysis of the urea and alkylurea effect on the stricture of protein,"山守 優, 松林 伸幸","Yamamori, Y., Matubayasi, N.", CBI 学会,,2017/10/3,2017/10/3,2017/10/5,FALSE,jpn,,,,,,,,,FALSE,,,,FALSE,disclosed
insert,similar_merge,input_data,,Free-energy analysis of cosolvent-induced denaturation through moleculer dynamics simulation and energy-representation method,Free-energy analysis of cosolvent-induced denaturation through moleculer dynamics simulation and energy-representation method,"山守 優, 松林 伸幸","Yamamori, Y., Matubayasi, N.",第 55 回生物物理学会,,2017/9/19,2017/9/19,2017/9/21,FALSE,eng,,,,"熊本大学, 熊本県熊本市",,jpn,,,FALSE,,,,FALSE,disclosed
insert,similar_merge,input_data,,Free-energy analysis of the cosolvent effect on the structure of protein,Free-energy analysis of the cosolvent effect on the structure of protein,"山守 優, 松林 伸幸","Yamamori, Y., Matubayasi, N.",第 17 回蛋白質科学会年会,,2017/6/30,2017/6/20,2017/6/22,FALSE,,,,,"仙台国際センター, 宮城県仙台市",,jpn,,,FALSE,,,,FALSE,disclosed
insert,similar_merge,input_data,,エネルギー表示理論と分子動力学シミュレーションによる自由エネルギー計算を用いた尿素・アルキル尿素変性機構の解析,エネルギー表示理論と分子動力学シミュレーションによる自由エネルギー計算を用いた尿素・アルキル尿素変性機構の解析,"山守 優, 松林 伸幸","Yamamori, Y., Matubayasi, N.",第 30 回分子シミュレーション討論会,,2017/3/17,2017/3/17,2017/3/20,FALSE,,poster_presentation,,,"大阪大学, 大阪府豊中市",,jpn,,,FALSE,,,,FALSE,disclosed
insert,similar_merge,input_data,,分子動力学シミュレーションとエネルギー表示溶液理論によるタンパク質の共溶媒変性効果の自由エネルギー解析,分子動力学シミュレーションとエネルギー表示溶液理論によるタンパク質の共溶媒変性効果の自由エネルギー解析,"山守 優, 松林 伸幸","Yamamori, Y., Matubayasi, N.",,,2016/11/30,2016/11/30,2016/12/2,FALSE,,,,,"大阪大学豊中キャンパス, 大阪府豊中市",,jpn,,,FALSE,,,,FALSE,disclosed
insert,similar_merge,input_data,,Free-energy analysis of cosolvent effect through moleculer dynamics simulation and energy-representation method,Free-energy analysis of cosolvent effect through moleculer dynamics simulation and energy-representation method,"山守 優, 松林 伸幸","Yamamori, Y., Matubayasi, N.",第 54 回生物物理学会,,2016/11/25,2016/11/25,2016/11/27,FALSE,,,,,"つくば国際会議場, 茨城県つくば市",,jpn,,,FALSE,,,,FALSE,disclosed
insert,similar_merge,input_data,,分子動力学シミュレーションとエネルギー表示溶液理論を用いたタンパク質変性効果の自由エネルギー解析,分子動力学シミュレーションとエネルギー表示溶液理論を用いたタンパク質変性効果の自由エネルギー解析,"山守 優, 松林 伸幸","Yamamori, Y., Matubayasi, N.",第 39 回溶液化学シンポジウム,,2016/11/9,2016/11/9,2016/11/11,FALSE,,,,,"産業技術総合研究所, 茨城つくば市",,jpn,,,FALSE,,,,FALSE,disclosed
insert,similar_merge,input_data,,疎構造学習に基づく分子シミュレーション解析手法の開発,疎構造学習に基づく分子シミュレーション解析手法の開発,山守 優,,学際大規模情報基盤共同利用・共同研究拠点第 8 回シンポジウム,,2016/7/14,2016/7/14,2016/7/15,FALSE,,,,,"品川 Grand Hall, 東京都品川区",,jpn,,,FALSE,,,,FALSE,disclosed
insert,similar_merge,input_data,,分子動力学シミュレーションとエネルギー表示理論を用いた共溶媒変性効果の自由エネルギー解析,分子動力学シミュレーションとエネルギー表示理論を用いた共溶媒変性効果の自由エネルギー解析,"山守 優, 松林 伸幸",,第 19 回理論化学討論会,,2016/5/23,2016/5/23,2016/5/25,FALSE,,,,,"早稲田大学, 東京都新宿区",,jpn,,,FALSE,,,,FALSE,disclosed
insert,similar_merge,input_data,,Temperature Accelerated 法とレプリカ交換法を用いたマルチスケールサンプリング手法 MuSTAR MD,Temperature Accelerated 法とレプリカ交換法を用いたマルチスケールサンプリング手法 MuSTAR MD,山守 優，松林 伸幸，北尾 彰朗,,第 18 回理論化学討論会,,2015/5/20,2015/5/20,2015/5/22,FALSE,,,,,"大阪大学, 大阪府豊中市",,jpn,,,FALSE,,,,FALSE,disclosed
insert,similar_merge,input_data,,マルチスケールサンプリング手法 MuSTAR MDを用いた自由エネルギー計算の成果,マルチスケールサンプリング手法 MuSTAR MDを用いた自由エネルギー計算の成果,山守 優,Yamamori Y.,新学術領域「柔らかな分子系」第 9 回ワークショップ「柔らかな系を扱う自由エネルギー計算」,,2015/3/16,2015/3/16,2015/3/17,TRUE,jpn,invited_oral_presentation,,,東北大学(青葉山キャンパス),,jpn,,,FALSE,,,,FALSE,disclosed
insert,similar_merge,input_data,,Large time-step Molecular Dynamics simulation using Torsion Angle Molecular Dynamics,Large time-step Molecular Dynamics simulation using Torsion Angle Molecular Dynamics,"山守 優,北尾 彰朗","Yamamori Y., Kitao A.",第 52 回日本生物物理学会年会,,2014/9/25,2014/9/25,2014/9/27,FALSE,,,,,"札幌コンベンションセンター, 北海道札幌市",,jpn,,,FALSE,,,,FALSE,disclosed
insert,similar_merge,input_data,,Multi-scale Sampling using Temperature Accelerated and Replica-Exchange Molecular Dynamics,Multi-scale Sampling using Temperature Accelerated and Replica-Exchange Molecular Dynamics,"山守 優,北尾 彰朗","Yamamori Y., Kitao A.","第 14 回蛋白質科学会年会,",,2014/6/25,2014/6/25,2014/6/27,,,,,,"ワークピア横浜, 神奈川県横浜市",,jpn,,,FALSE,,,,FALSE,disclosed
insert,similar_merge,input_data,,A New Free Energy Calculation Method using Multi-scale Simulation for Investigating the Mechanism of Conformational Change of Biomolecule,A New Free Energy Calculation Method using Multi-scale Simulation for Investigating the Mechanism of Conformational Change of Biomolecule,山守 優,"Yamamori, Y.",第14回東京大学生命科学シンポジウム,,2014/4/26,2014/4/26,2014/4/26,,,poster_presentation,,,"東京大学, 東京都文京区",,jpn,,,FALSE,,,,FALSE,disclosed
insert,similar_merge,input_data,,マルチスケールサンプリング手法 MuSTAR MDを用いた自由エネルギー計算の成果,マルチスケールサンプリング手法 MuSTAR MDを用いた自由エネルギー計算の成果,山守 優,"Yamamori, Y.",新学術領域「柔らかな分子系」第 2 回ワークショップ,,2014/3/26,,,,,oral_presentation,,,"名古屋工業大学, 愛知県名古屋市.",,jpn,,,FALSE,,,,FALSE,disclosed
insert,similar_merge,input_data,,MuSTAR MD: Multi-scale Sampling using Temperature Accelerated and Replica exchange Molecular Dynamics,MuSTAR MD: Multi-scale Sampling using Temperature Accelerated and Replica exchange Molecular Dynamics,山守 優,"Yamamori, Y.",東京大学分子細胞生物学研究所・所内発表会,,2013/11/27,,,,,,,,"東京大学, 東京都本郷.",,jpn,,,FALSE,,,,FALSE,disclosed
insert,similar_merge,input_data,,MuSTAR MD: Multi-scale Sampling using Temperature Accelerated and Replica-Exchange Molecular Dynamics,MuSTAR MD: Multi-scale Sampling using Temperature Accelerated and Replica-Exchange Molecular Dynamics,"山守 優,北尾 彰朗","Yamamori Y., Kitao A.",第 51 回日本生物物理学会年会,,2013/10/28,2013/10/28,2013/10/30,,,,,,"国立京都国際会館, 京都府京都市.",,jpn,,,FALSE,,,,FALSE,disclosed
insert,similar_merge,input_data,,MuSTARMD : Temperature Accelerated MD とReplica 交換法を用いたMulti Scale サンプリング手法の開発,MuSTARMD : Temperature Accelerated MD とReplica 交換法を用いたMulti Scale サンプリング手法の開発,"山守 優,北尾 彰朗","Yamamori Y., Kitao A.",分子シミュレーション討論会,,2012/11/26,2012/11/26,2012/11/28,,,,,,"九州大学, 福岡県福岡市",,jpn,,,FALSE,,,,FALSE,disclosed
insert,similar_merge,input_data,,MuSTAR MD : Temperature Accelerated MDとReplica交換法を用いた Multi Scaleサンプリング手法,MuSTAR MD : Temperature Accelerated MDとReplica交換法を用いた Multi Scaleサンプリング手法,山守 優,"Yamamori, Y.",東京大学分子細胞生物学研究所・所内発表会,,2012/11/1,2012/11/1,,,,,,,"東京大学, 東京都本郷",,jpn,,,FALSE,,,,FALSE,disclosed
insert,similar_merge,input_data,,Molecular Dynamics Simulation of Protein Using Robot Dynamics Algorithm,Molecular Dynamics Simulation of Protein Using Robot Dynamics Algorithm,"山守優, 竹村和弘, 北尾彰朗","Yamamori Y., Takemura K., Kitao A.","第 50 回日本生物物理学会年会,",,2012/9/22,2012/9/22,2012/9/24,,,,,,"名古屋大学, 愛知県名古屋市.",,jpn,,,FALSE,,,,FALSE,disclosed
insert,similar_merge,input_data,,ロボット工学の手法を用いたタンパク質シミュレーション,ロボット工学の手法を用いたタンパク質シミュレーション,山守 優，北尾 彰朗,"Yamamori Y., Kitao A.",第 1 回日本生物物理学会関東支部会,,2012/3/5,2012/3/5,2012/3/6,,,,,,"東京農工大学・小金井キャンパス, 東京都小金井市.",,jpn,,,FALSE,,,,FALSE,disclosed
insert,similar_merge,input_data,,ロボット工学の手法を用いたタンパク質シミュレーション,ロボット工学の手法を用いたタンパク質シミュレーション,"山守 優,","Yamamori, Y.",東京大学分子細胞生物学研究所・所内発表会,,2011/11/24,,,,,,,,"東京大学, 東京都本郷",,jpn,,,FALSE,,,,FALSE,disclosed
insert,similar_merge,input_data,,Molecular Dynamics Simulation of Protein Using Robot Dynamics Algorithm,Molecular Dynamics Simulation of Protein Using Robot Dynamics Algorithm,山守 優，北尾 彰朗,"Yamamori Y., Kitao A.",第 49 回日本生物物理学会年会,,2011/9/16,2011/9/16,2011/9/18,,,,,,"兵庫大学, 兵庫県姫路市.",,jpn,,,FALSE,,,,FALSE,disclosed
insert,similar_merge,input_data,,ロボット工学の手法を用いたタンパク質シミュレーション,ロボット工学の手法を用いたタンパク質シミュレーション,"山守 優, 北尾 彰朗","Yamamori Y., Kitao A.",第 10 回日本蛋白質科学会年会,,2010/6/16,2010/6/16,2010/6/18,,,,,,"札幌コンベンションセンター, 北海道札幌市.",,jpn,,,FALSE,,,,FALSE,disclosed
insert,similar_merge,input_data,,ABA を用いた新規タンパク質構造予測アルゴリズム,ABA を用いた新規タンパク質構造予測アルゴリズム,"山守 優, 山村剛士",,日本コンピュータ化学会 2008 春季年会,,2008/5/22,2008/5/22,2008/5/23,,,,,,"東京工業大学大学大岡山キャンパス, 東京都大岡山.",,jpn,,,FALSE,,,,FALSE,disclosed
insert,similar_merge,input_data,,エネルギー表示理論を用いた共溶媒変性効果の自由エネルギー解析,エネルギー表示理論を用いた共溶媒変性効果の自由エネルギー解析,"山守 優, 石塚 良介, 松林 伸幸",,第 16 回日本蛋白質科学会年会,,,,,FALSE,,,,,,,jpn,,,FALSE,,,,FALSE,disclosed
insert,similar_merge,input_data,,光操作による細胞死誘導システムの構築,光操作による細胞死誘導システムの構築,"高木 菜那, 中曽根 祐介, 山守 優, 富井 健太郎, 酒巻 和弘",,第42回日本分子生物学会年,,2019/12/4,,,,,,,,マリンメッセ福岡,,jpn,,,FALSE,,,,FALSE,disclosed
insert,similar_merge,input_data,,The off-axis rotor of Enterococcus hirae V-type ATPase by Volta phase contrast cryo-EM ,The off-axis rotor of Enterococcus hirae V-type ATPase by Volta phase contrast cryo-EM ,"Burton-Smith, R., Tsunoda, J., Yamamori, Y., Miyazaki, N., Imai, F., Song, C., Tomii, K., Iwasaki, K., Takagi, J., Ueno, H., Murata, T., Iino, R., Murata, K. ","Burton-Smith, R., Tsunoda, J., Yamamori, Y., Miyazaki, N., Imai, F., Song, C., Tomii, K., Iwasaki, K., Takagi, J., Ueno, H., Murata, T., Iino, R., Murata, K. ",第 57 回生物物理学会,,2019/9/24,2019/9/24,2019/9/26,,,,,,"シーガイアコンベンションセンター, 宮崎県宮崎市",,jpn,,,FALSE,,,,FALSE,disclosed
insert,similar_merge,input_data,,腸球菌V-ATPase の位相差クライオ電子 顕微鏡による単粒子構造解析築,腸球菌V-ATPase の位相差クライオ電子 顕微鏡による単粒子構造解析築,"角田 潤, ソン・チホン, 薬師寺 Lica Fabiana, 村田 武史, 上野 博史, 宮崎 直幸, 岩崎 憲治, 高木 淳, 山守 優,富井 健太郎, 飯野亮太, 村田 和義, ",,日本顕微鏡学会第75回日本蛋白質科学会年学術講演会,,2019/6/18,2019/6/18,2019/6/20,,,,,,"名古屋国際会議場, 愛知県名古屋市",,jpn,,,FALSE,,,,FALSE,disclosed
insert,similar_merge,input_data,,Free energy analysis of beta-sheet aggregation by molecular dynamics simulation ,Free energy analysis of beta-sheet aggregation by molecular dynamics simulation ,"Masutani, K., Yamamori, Y, Kim, K., Matubayasi, N, ","Masutani, K., Yamamori, Y, Kim, K., Matubayasi, N, ",2018年CBI 学会,,2018/10/9,2018/10/9,2018/10/11,,,,,,"タワーホー ル船掘, 東京江戸川区",,jpn,,,FALSE,,,,FALSE,disclosed
insert,similar_merge,input_data,,タンパク質平衡揺らぎとリガンド結合の関係に対するエネルギー相関解析,タンパク質平衡揺らぎとリガンド結合の関係に対するエネルギー相関解析,"伊庭 輝, 山守 優, 松林 伸幸 ",,第31 回分子シミュレーション討論会,,2017/11/29,2017/11/29,2017/12/1,,,,,,"金沢商工会議 所, 石川県金沢市",,jpn,,,FALSE,,,,FALSE,disclosed
insert,similar_merge,input_data,,MD シミュレーションとエネルギー表示 溶液理論によるインスリン２量化の自由エネルギー解析,MD シミュレーションとエネルギー表示 溶液理論によるインスリン２量化の自由エネルギー解析,"大矢 晃久,山守 優, 松林 伸幸",,第31 回分子シミュレーション討論会,,2017/11/29,2017/11/29,2017/12/1,,,,,,"金沢商工会議 所, 石川県金沢市",,jpn,,,FALSE,,,,FALSE,disclosed
insert,similar_merge,input_data,,蛋白質の天然構造と熱変性構造の安定性 に関する相 互作用成分解析,蛋白質の天然構造と熱変性構造の安定性 に関する相 互作用成分解析,"徳永 好彦, 山守 優, 石塚 良介, 松林 伸幸",,第31 回分子シミュレーション討論会,,2017/11/29,2017/11/29,2017/12/1,,,,,,"金沢商工会議 所, 石川県金沢市",,jpn,,,FALSE,,,,FALSE,disclosed
insert,similar_merge,input_data,,蛋白質構造の安定性と熱変性に関する相互作用成分解析,蛋白質構造の安定性と熱変性に関する相互作用成分解析,"徳永 好彦, 山守 優, 石塚 良介, 松林 伸幸",,第40回溶液化学シンポジウム,,2017/10/18,2017/10/18,2017/10/20,,,,,,"イーグル姫路, 兵庫県姫路市",,jpn,,,FALSE,,,,FALSE,disclosed
insert,similar_merge,input_data,,Energy correlation of protein at equilibrium fluctuation and its connection with ligand binding ,Energy correlation of protein at equilibrium fluctuation and its connection with ligand binding ,"Iba H., Yamamori Y, Matubayasi N, ","Iba H., Yamamori Y, Matubayasi N, ",2017年CBI 学会,,2017/10/3,2017/10/3,2017/10/5,,,,,,"タワーホー ル船掘, 東京江戸川区",,jpn,,,FALSE,,,,FALSE,disclosed
insert,similar_merge,input_data,,Interaction-component analysis of protein stability with regard to heat denaturation ,Interaction-component analysis of protein stability with regard to heat denaturation ,"Tokunaga Y.,Yamamori Y., Ishizuka R., Matubayasi N. ","Tokunaga Y.,Yamamori Y., Ishizuka R., Matubayasi N. ",第 55 回生物物理学会,,2017/9/19,2017/9/19,2017/9/21,,,,,,"熊本大学, 熊本県熊本市",,jpn,,,FALSE,,,,FALSE,disclosed
insert,similar_merge,input_data,,蛋白質安定性と熱変性に関する相互作用成分解,蛋白質安定性と熱変性に関する相互作用成分解,"徳永 好彦, 山守 優, 石塚 良介, 松林 伸幸",,第 17 回蛋白質科学会年会,,2017/6/20,2017/6/20,2017/6/22,,,,,,"仙台国際センター, 宮城県仙台市",,jpn,,,FALSE,,,,FALSE,disclosed
insert,similar_merge,input_data,,MD シミュレーションによるアミノ酸アナログ に 対する共溶媒効果の自由エネルギー解析,MD シミュレーションによるアミノ酸アナログ に 対する共溶媒効果の自由エネルギー解析,"小林 遊磨, 山守 優, 石塚 良介, 松林 伸幸",,第 30 回分子シミュレーション討論会 ,,2016/11/30,2016/11/30,2016/12/2,,,,,,"大阪大学, 大阪府豊中市",,jpn,,,FALSE,,,,FALSE,disclosed